Workbook

Sheet Tổng quan
A1: QUICKASSIST — PHÂN TÍCH & KẾ HOẠCH NHÓM 4 NGƯỜI (v2 — khớp SDS_Nhomx & kiến trúc phân tầng)
A3: Mục tiêu | B3: Extension ghi chú nhanh, tóm tắt AI và tìm kiếm ngữ nghĩa; kiến trúc phân tầng theo SDS (API + worker) — phân công THEO SERVICE/THƯ MỤC.
A4: Mốc kế hoạch | B4: 8 tuần — P0 = toàn bộ Must-have của SDS; P1 (Nice-to-have) chỉ làm sau cổng tuần 6 khi P0 đạt DoD.
A5: MVP đề xuất | B5: Google OAuth + ghi chú nhanh/hoàn tác + thư mục/Inbox + CRUD/cache + tóm tắt AI + tìm kiếm ngữ nghĩa + quota + xoá tài khoản + log.
A6: Ngoài MVP | B6: P1: chat RAG streaming, rerank, gắn thẻ, dọn dữ liệu 1 năm. Bỏ khỏi kế hoạch: Skim trang (không có trong SDS), self-host LLM.
A7: Nguồn phân tích | B7: SDS_Nhomx.pdf; Kịch bản chức năng QuickAssist_1.xlsx; System Design Trade_Offs.docx; docs/architecture trong repo.
A9: Nhận định chính
A10: 1. | B10: Kiến trúc phân tầng đúng SDS Hình 1: presentation → business (auth, notes, quota, semantic_search, summary, rag) → data_access → data, cùng infrastructure (Google OAuth, OpenAI, Logging). Có test kiến trúc tự động trong CI.
A11: 2. | B11: Phân công theo QUYỀN SỞ HỮU THƯ MỤC (cột P Backlog + .github/CODEOWNERS): mỗi người làm trọn module của mình từ API tới test, giảm bàn giao chéo.
A12: 3. | B12: Đã bổ sung task SDS bắt buộc mà v1 thiếu: xoá tài khoản (A06), log (A07), tóm tắt là Must-have (SUM-01..04), màn Cài đặt (A08), cập nhật SDS (D01).
A13: 4. | B13: Đã bỏ Skim trang (S01–S06, ~56 giờ) vì không có trong SDS; dồn thời gian cho tóm tắt và hardening.
A14: 5. | B14: Quota chuyển sang Vinh (gắn chặt chi phí AI), Search API (R03) chuyển sang Vinh vì module search thuộc Vinh → giảm nghẽn critical path của Quang ở tuần 2–3.
A15: 6. | B15: Base code đã có sẵn cho nhiều task (cột % hoàn thành) — việc của owner là review, hoàn thiện TODO và viết thêm test, không viết lại từ đầu.
A18: Thành viên | B18: Vai trò chính | C18: Trách nhiệm
A19: Lê Đăng Sơn | B19: Tech Lead / Extension core | C19: Kiến trúc tổng, CI, extension core: apps/extension/src/background, content, shared; UI tìm kiếm & chat
A20: Trịnh Mạnh Quang | B20: Backend Lead (presentation, auth, notes, data, infra) | C20: presentation/, business/{auth,notes}, data/, data_access/, infrastructure/ (trừ openai); migrations; infra & deploy
A21: Mai Đức Vinh | B21: AI/RAG Lead (semantic_search, summary, rag, quota, OpenAI) | C21: business/{semantic_search,summary,rag,quota}, infrastructure/openai, repo note_chunk/quota; đánh giá chất lượng
A22: Trần Thùy Dương | B22: UI/UX & QA Lead (ui/, test, tài liệu) | C22: apps/extension/src/ui (components, notes, summary, account); test plan/E2E; báo cáo & demo
A25: Definition of Done chung
A26: ✓ | B26: Có acceptance criteria và test tương ứng; code được thành viên phối hợp review.
A27: ✓ | B27: Build/lint/unit/integration liên quan đều pass; không còn lỗi P0/P1 mở.
A28: ✓ | B28: Không log token/nội dung nhạy cảm; kiểm tra ownership và validation ở server.
A29: ✓ | B29: API/schema/tài liệu được cập nhật cùng thay đổi; demo được trên dữ liệu mẫu.

Sheet Thay đổi v2
A1: THAY ĐỔI SO VỚI KẾ HOẠCH v1 — LÝ DO
A3: Loại | B3: Task | C3: Thay đổi | D3: Lý do
A4: Thêm | B4: A06 | C4: Xoá tài khoản + dữ liệu (backend) | D4: Must-have trong SDS §5.1.5 nhưng v1 không có task
A5: Thêm | B5: A07 | C5: Logging có request_id, che dữ liệu nhạy cảm | D5: FR 'ghi log hoạt động và lỗi' chưa có owner
A6: Thêm | B6: A08 | C6: Màn Cài đặt: quota, đăng xuất, xoá tài khoản | D6: Người dùng cần nơi thao tác xoá tài khoản/xem quota
A7: Thêm | B7: SUM-01..04 | C7: Tóm tắt thành P0 (đặc tả, backend, UI, test) | D7: SDS xếp tóm tắt là Must-have; v1 để P1 (G01)
A8: Thêm | B8: P09, D01 | C8: CI/CODEOWNERS; cập nhật SDS theo sds-review | D8: Thực thi 'phần nào ra phần đấy' bằng công cụ; SDS mâu thuẫn microservice/monolith
A9: Thêm | B9: X01–X03, RET-01 | C9: Chat RAG, gắn thẻ, dọn dữ liệu 1 năm (P1) | D9: Nice-to-have/NFR trong SDS chưa có task
A10: Bỏ | B10: S01–S06 | C10: Skim trang (Readability, /skim/*) | D10: Không có trong SDS; ~56 giờ; R-10 v1 đã cảnh báo phạm vi rộng
A11: Bỏ | B11: G01 | C11: Thay bằng SUM-01 | D11: Tóm tắt đã được SDS đặc tả
A12: Đổi owner | B12: A04 Quota | C12: Trịnh Mạnh Quang → Mai Đức Vinh | D12: Quota gắn với chi phí AI; giảm tải critical path tuần 2–3 của Quang
A13: Đổi owner | B13: R03 Search API | C13: Trịnh Mạnh Quang → Mai Đức Vinh | D13: Module search thuộc Vinh — 1 người làm trọn từ SQL tới API
A14: Đổi owner | B14: N02 Toast | C14: Trần Thùy Dương → Lê Đăng Sơn (Dương duyệt UI) | D14: Toast là hàm tiêm trong content/ — thư mục của extension core
... A20: Đổi cách tính | B20: Timeline | C20: Ô tuần tính bằng công thức từ Backlog | D20: Sửa tuần ở Backlog → Timeline tự cập nhật

Sheet Ma trận chức năng
A1: MA TRẬN PHẠM VI & MỨC ĐỘ ĐẶC TẢ
A3: Chức năng | B3: Nguồn | C3: Mức đặc tả | D3: Ưu tiên | E3: Nhận xét / quyết định
A4: Đăng nhập Google OAuth | B4: SDS FR + §5.1.1 | C4: Chi tiết | D4: P0 | E4: A02, A03 — Code + PKCE, app session, refresh xoay vòng (ADR-0005)
A5: Ghi chú nhanh + hoàn tác 5s | B5: SDS + Kịch bản #1 | C5: Chi tiết | D5: P0 | E5: N01–N07 — outbox client, POST /notes idempotent, index nền
A6: Thư mục + Inbox mặc định | B6: SDS FR | C6: Chi tiết | D6: P0 | E6: N03, C01, C04 — xoá thư mục chuyển note về Inbox
A7: Xem/sửa/xoá note, cache | B7: SDS + Kịch bản #3, #5 | C7: Chi tiết | D7: P0 | E7: C01–C05 — PATCH có version, cache-first
A8: Chunk + embedding | B8: SDS §5.1.2 | C8: Chi tiết | D8: P0 | E8: N04, N05 — job nền, READY/SKIPPED/FAILED
A9: Tìm kiếm ngữ nghĩa | B9: SDS §5.1.3 + Kịch bản #4 | C9: Chi tiết | D9: P0 | E9: R01, R03–R05 — hybrid vector + full-text (RRF)
A10: Tóm tắt bằng AI | B10: SDS §5.1.4 | C10: Đã đặc tả (SUM-01) | D10: P0 | E10: SUM-01..04 — preview rồi xác nhận mới lưu (v1 xếp P1 — lệch SDS)
A11: Quota AI theo token | B11: SDS FR | C11: Chi tiết | D11: P0 | E11: A04 — reserve/commit/release, ledger chống trừ trùng
A12: Xoá tài khoản + dữ liệu | B12: SDS §5.1.5 | C12: Chi tiết | D12: P0 | E12: A06, A08 — MỚI (v1 không có task)
A13: Ghi log hoạt động/lỗi | B13: SDS FR | C13: Chi tiết | D13: P0 | E13: A07 — MỚI; log JSON, request_id, không log nội dung
A14: Chat RAG streaming | B14: SDS §5.1.6 (Nice-to-have) | C14: Chi tiết | D14: P1 | E14: X01, X02 — SSE (ADR-0009)
... A19: Tự triển khai / LLM cục bộ | B19: Báo cáo ý tưởng | C19: Định hướng | D19: Bỏ | E19: SDS: ngoài phạm vi; AI adapter đã cho phép trỏ endpoint tương thích OpenAI

Sheet Backlog phân công
A1: BACKLOG PHÂN CÔNG CHI TIẾT
A3: ID | B3: Giai đoạn | C3: Hạng mục | D3: Task | E3: Người phụ trách | F3: Phối hợp | G3: Tuần BĐ | H3: Tuần KT | I3: Giờ | J3: Ưu tiên | K3: Phụ thuộc | L3: Deliverable | M3: Tiêu chí nghiệm thu | N3: Trạng thái | O3: % hoàn thành | P3: Thư mục code (phần sở hữu)
A4: P01 | B4: Khởi động | C4: Kiến trúc | D4: Cả nhóm review & chốt kiến trúc phân tầng theo SDS Hình 1 (presentation/business/data_access/data/infrastructure), 9 ADR, luật L1–L7 | E4: Lê Đăng Sơn | F4: Cả nhóm | G4: 1 | H4: 1 | I4: 4 | J4: P0 | L4: docs/architecture + docs/adr đã duyệt | M4: Mọi thành viên chỉ ra được: tầng + thư mục service mình sở hữu, cách gọi service khác (package public / RPC) | N4: Đang thực hiện | O4: 0.8 | P4: docs/
A5: P02 | B5: Khởi động | C5: API & dữ liệu | D5: Duyệt quy ước API: hợp nhất /notes/quick, /notes/ragged → POST /notes; PATCH theo id; bulk-delete; error contract | E5: Trịnh Mạnh Quang | F5: Lê Đăng Sơn | G5: 1 | H5: 1 | I5: 4 | J5: P0 | K5: P01 | L5: docs/api/conventions.md + OpenAPI | M5: Không còn endpoint mâu thuẫn giữa SDS, kịch bản và code | N5: Đang thực hiện | O5: 0.7 | P5: docs/api/
A6: P03 | B6: Khởi động | C6: AI | D6: Spike OpenAI: đo latency/chi phí embedding & tóm tắt cho văn bản tiếng Việt; chốt model, chunk size, hạn mức quota | E6: Mai Đức Vinh | F6: Trịnh Mạnh Quang | G6: 1 | H6: 1 | I6: 6 | J6: P0 | K6: P01 | L6: Báo cáo spike + giá trị cấu hình .env | M6: Có số liệu p50/p95, token/1000 ký tự, đề xuất QUOTA_DEFAULT_TOKENS | N6: Chưa bắt đầu | O6: 0 | P6: apps/api/src/quickassist/infrastructure/openai/
A7: P04 | B7: Khởi động | C7: UX | D7: User flow + wireframe 6 luồng SDS: đăng nhập, ghi chú nhanh + hoàn tác, thư viện/thư mục, tìm kiếm, tóm tắt, xoá tài khoản | E7: Trần Thùy Dương | F7: Lê Đăng Sơn | G7: 1 | H7: 1 | I7: 8 | J7: P0 | K7: P01 | L7: Wireframe + user flow | M7: Bao phủ happy path, loading, empty, error, undo, hết quota | N7: Chưa bắt đầu | O7: 0 | P7: docs/ux/
A8: P05 | B8: Nền tảng | C8: Extension | D8: Review base code extension (background/content/ui/shared); tạo OAuth client trên Google Cloud; load unpacked chạy được | E8: Lê Đăng Sơn | F8: Trần Thùy Dương | G8: 1 | H8: 2 | I8: 6 | J8: P0 | K8: P01 | L8: Extension skeleton chạy được | M8: npm test + build pass; cài được ở developer mode | N8: Đang thực hiện | O8: 0.7 | P8: apps/extension/src/background, shared, content
A9: P06 | B9: Nền tảng | C9: Backend | D9: Review base code backend: infrastructure/ (config, logging, jobs, security), data/database, presentation/api (deps, lỗi, middleware); docker-compose; migration 0001 | E9: Trịnh Mạnh Quang | F9: Mai Đức Vinh | G9: 1 | H9: 2 | I9: 6 | J9: P0 | K9: P01 | L9: Backend skeleton chạy được | M9: docker compose up chạy; /health/ready ok; pytest pass | N9: Đang thực hiện | O9: 0.7 | P9: apps/api/src/quickassist/infrastructure/, data/, presentation/api/; infra/
A10: P07 | B10: Nền tảng | C10: AI | D10: Review AI adapter (port, mock, openai); thêm test adapter OpenAI bằng HTTP mock (429/5xx/timeout) | E10: Mai Đức Vinh | F10: Trịnh Mạnh Quang | G10: 1 | H10: 2 | I10: 6 | J10: P0 | K10: P03 | L10: AI adapter + test | M10: Đổi provider qua AI_PROVIDER; retry/backoff có test | N10: Đang thực hiện | O10: 0.6 | P10: apps/api/src/quickassist/infrastructure/openai/
A11: P08 | B11: Nền tảng | C11: QA | D11: Test strategy + ma trận truy vết (RTM) từ FR trong SDS → test case; Definition of Done | E11: Trần Thùy Dương | F11: Lê Đăng Sơn | G11: 1 | H11: 2 | I11: 6 | J11: P0 | K11: P04 | L11: Test plan + RTM | M11: Mỗi FR Must-have có test case và người chịu trách nhiệm | N11: Chưa bắt đầu | O11: 0 | P11: docs/qa/
A12: P09 | B12: Nền tảng | C12: Quy trình | D12: Bật branch protection main/dev, điền GitHub username vào CODEOWNERS, CI xanh trên PR đầu tiên | E12: Lê Đăng Sơn | F12: Trịnh Mạnh Quang | G12: 1 | H12: 1 | I12: 3 | J12: P0 | K12: P01 | L12: CI + CODEOWNERS hoạt động | M12: PR vi phạm luật kiến trúc bị CI chặn | N12: Đang thực hiện | O12: 0.8 | P12: .github/
A13: D01 | B13: Khởi động | C13: Tài liệu | D13: Cập nhật SDS theo docs/architecture/sds-review.md (11 điểm): bỏ chữ microservice ở §5.2, vẽ lại Hình 1 có QuotaService + repositories + AI adapter, thiết kế dữ liệu §6, trade-off | E13: Lê Đăng Sơn | F13: Mai Đức Vinh | G13: 1 | H13: 2 | I13: 4 | J13: P0 | K13: P01 | L13: SDS v1.1 | M13: SDS, kiến trúc và code thống nhất | N13: Chưa bắt đầu | O13: 0 | P13: docs/specs/
A14: A01 | B14: Nền tảng | C14: Dữ liệu | D14: Review data/models + migration 0001, vẽ ERD (khớp SDS §6); quy ước migration theo service | E14: Trịnh Mạnh Quang | F14: Mai Đức Vinh | G14: 2 | H14: 2 | I14: 4 | J14: P0 | K14: P06 | L14: ERD + migration | M14: alembic upgrade/downgrade/check pass trên CI | N14: Đang thực hiện | O14: 0.6 | P14: apps/api/migrations/
A15: A02 | B15: Nền tảng | C15: Tài khoản | D15: Hoàn thiện Google OAuth backend: exchange code, verify id_token (JWKS), refresh xoay vòng, test với id_token giả lập | E15: Trịnh Mạnh Quang | F15: Lê Đăng Sơn | G15: 2 | H15: 3 | I15: 8 | J15: P0 | K15: A01,P02 | L15: Auth API + test | M15: Validate state/nonce/iss/aud/exp/email_verified; reuse refresh → thu hồi mọi phiên | N15: Đang thực hiện | O15: 0.5 | P15: apps/api/src/quickassist/business/auth/, infrastructure/google_oauth/, controllers/auth_controller.py
A16: A03 | B16: Nền tảng | C16: Tài khoản | D16: Google OAuth trên extension: launchWebAuthFlow + PKCE, lưu session, refresh single-flight, logout | E16: Lê Đăng Sơn | F16: Trịnh Mạnh Quang | G16: 2 | H16: 3 | I16: 8 | J16: P0 | K16: A02,P05 | L16: Login/logout hoạt động | M16: Không có form mật khẩu; không log token; hết phiên xử lý đúng | N16: Đang thực hiện | O16: 0.5 | P16: apps/extension/src/background/auth/
... A54: H08 | B54: Hoàn thiện | C54: Tài liệu | D54: Báo cáo cuối, hướng dẫn sử dụng, kịch bản thuyết trình 10–15' | E54: Trần Thùy Dương | F54: Lê Đăng Sơn | G54: 8 | H54: 8 | I54: 8 | J54: P0 | K54: H05,H06,H07 | L54: Report + user guide + demo script | M54: Tài liệu khớp sản phẩm | N54: Chưa bắt đầu | O54: 0 | P54: docs/

Sheet Timeline 8 tuần
A1: TIMELINE 8 TUẦN
A2: Ô tuần tự tính từ cột Tuần BĐ/Tuần KT của sheet Backlog — sửa ở Backlog, Timeline tự cập nhật.
A3: ID | B3: Task | C3: Owner | D3: Ưu tiên | E3: Giờ | F3: Tuần 1 | G3: Tuần 2 | H3: Tuần 3 | I3: Tuần 4 | J3: Tuần 5 | K3: Tuần 6 | L3: Tuần 7 | M3: Tuần 8
A4: ='Backlog phân công'!A4 -> P01 | B4: ='Backlog phân công'!D4 -> Cả nhóm review & chốt kiến trúc phân tầng theo SDS Hình 1 (presentation/business/data_access/data/infrastructure), 9 ADR, luật L1–L7 | C4: ='Backlog phân công'!E4 -> Lê Đăng Sơn | D4: ='Backlog phân công'!J4 -> P0 | E4: ='Backlog phân công'!I4 -> 4 | F4: =IF(AND('Backlog phân công'!$G4<=1,'Backlog phân công'!$H4>=1),"■","") -> ■ | G4: =IF(AND('Backlog phân công'!$G4<=2,'Backlog phân công'!$H4>=2),"■","") | H4: =IF(AND('Backlog phân công'!$G4<=3,'Backlog phân công'!$H4>=3),"■","") | I4: =IF(AND('Backlog phân công'!$G4<=4,'Backlog phân công'!$H4>=4),"■","") | J4: =IF(AND('Backlog phân công'!$G4<=5,'Backlog phân công'!$H4>=5),"■","") | K4: =IF(AND('Backlog phân công'!$G4<=6,'Backlog phân công'!$H4>=6),"■","") | L4: =IF(AND('Backlog phân công'!$G4<=7,'Backlog phân công'!$H4>=7),"■","") | M4: =IF(AND('Backlog phân công'!$G4<=8,'Backlog phân công'!$H4>=8),"■","")
A5: ='Backlog phân công'!A5 -> P02 | B5: ='Backlog phân công'!D5 -> Duyệt quy ước API: hợp nhất /notes/quick, /notes/ragged → POST /notes; PATCH theo id; bulk-delete; error contract | C5: ='Backlog phân công'!E5 -> Trịnh Mạnh Quang | D5: ='Backlog phân công'!J5 -> P0 | E5: ='Backlog phân công'!I5 -> 4 | F5: =IF(AND('Backlog phân công'!$G5<=1,'Backlog phân công'!$H5>=1),"■","") -> ■ | G5: =IF(AND('Backlog phân công'!$G5<=2,'Backlog phân công'!$H5>=2),"■","") | H5: =IF(AND('Backlog phân công'!$G5<=3,'Backlog phân công'!$H5>=3),"■","") | I5: =IF(AND('Backlog phân công'!$G5<=4,'Backlog phân công'!$H5>=4),"■","") | J5: =IF(AND('Backlog phân công'!$G5<=5,'Backlog phân công'!$H5>=5),"■","") | K5: =IF(AND('Backlog phân công'!$G5<=6,'Backlog phân công'!$H5>=6),"■","") | L5: =IF(AND('Backlog phân công'!$G5<=7,'Backlog phân công'!$H5>=7),"■","") | M5: =IF(AND('Backlog phân công'!$G5<=8,'Backlog phân công'!$H5>=8),"■","")
A6: ='Backlog phân công'!A6 -> P03 | B6: ='Backlog phân công'!D6 -> Spike OpenAI: đo latency/chi phí embedding & tóm tắt cho văn bản tiếng Việt; chốt model, chunk size, hạn mức quota | C6: ='Backlog phân công'!E6 -> Mai Đức Vinh | D6: ='Backlog phân công'!J6 -> P0 | E6: ='Backlog phân công'!I6 -> 6 | F6: =IF(AND('Backlog phân công'!$G6<=1,'Backlog phân công'!$H6>=1),"■","") -> ■ | G6: =IF(AND('Backlog phân công'!$G6<=2,'Backlog phân công'!$H6>=2),"■","") | H6: =IF(AND('Backlog phân công'!$G6<=3,'Backlog phân công'!$H6>=3),"■","") | I6: =IF(AND('Backlog phân công'!$G6<=4,'Backlog phân công'!$H6>=4),"■","") | J6: =IF(AND('Backlog phân công'!$G6<=5,'Backlog phân công'!$H6>=5),"■","") | K6: =IF(AND('Backlog phân công'!$G6<=6,'Backlog phân công'!$H6>=6),"■","") | L6: =IF(AND('Backlog phân công'!$G6<=7,'Backlog phân công'!$H6>=7),"■","") | M6: =IF(AND('Backlog phân công'!$G6<=8,'Backlog phân công'!$H6>=8),"■","")
A7: ='Backlog phân công'!A7 -> P04 | B7: ='Backlog phân công'!D7 -> User flow + wireframe 6 luồng SDS: đăng nhập, ghi chú nhanh + hoàn tác, thư viện/thư mục, tìm kiếm, tóm tắt, xoá tài khoản | C7: ='Backlog phân công'!E7 -> Trần Thùy Dương | D7: ='Backlog phân công'!J7 -> P0 | E7: ='Backlog phân công'!I7 -> 8 | F7: =IF(AND('Backlog phân công'!$G7<=1,'Backlog phân công'!$H7>=1),"■","") -> ■ | G7: =IF(AND('Backlog phân công'!$G7<=2,'Backlog phân công'!$H7>=2),"■","") | H7: =IF(AND('Backlog phân công'!$G7<=3,'Backlog phân công'!$H7>=3),"■","") | I7: =IF(AND('Backlog phân công'!$G7<=4,'Backlog phân công'!$H7>=4),"■","") | J7: =IF(AND('Backlog phân công'!$G7<=5,'Backlog phân công'!$H7>=5),"■","") | K7: =IF(AND('Backlog phân công'!$G7<=6,'Backlog phân công'!$H7>=6),"■","") | L7: =IF(AND('Backlog phân công'!$G7<=7,'Backlog phân công'!$H7>=7),"■","") | M7: =IF(AND('Backlog phân công'!$G7<=8,'Backlog phân công'!$H7>=8),"■","")
A8: ='Backlog phân công'!A8 -> P05 | B8: ='Backlog phân công'!D8 -> Review base code extension (background/content/ui/shared); tạo OAuth client trên Google Cloud; load unpacked chạy được | C8: ='Backlog phân công'!E8 -> Lê Đăng Sơn | D8: ='Backlog phân công'!J8 -> P0 | E8: ='Backlog phân công'!I8 -> 6 | F8: =IF(AND('Backlog phân công'!$G8<=1,'Backlog phân công'!$H8>=1),"■","") -> ■ | G8: =IF(AND('Backlog phân công'!$G8<=2,'Backlog phân công'!$H8>=2),"■","") -> ■ | H8: =IF(AND('Backlog phân công'!$G8<=3,'Backlog phân công'!$H8>=3),"■","") | I8: =IF(AND('Backlog phân công'!$G8<=4,'Backlog phân công'!$H8>=4),"■","") | J8: =IF(AND('Backlog phân công'!$G8<=5,'Backlog phân công'!$H8>=5),"■","") | K8: =IF(AND('Backlog phân công'!$G8<=6,'Backlog phân công'!$H8>=6),"■","") | L8: =IF(AND('Backlog phân công'!$G8<=7,'Backlog phân công'!$H8>=7),"■","") | M8: =IF(AND('Backlog phân công'!$G8<=8,'Backlog phân công'!$H8>=8),"■","")
A9: ='Backlog phân công'!A9 -> P06 | B9: ='Backlog phân công'!D9 -> Review base code backend: infrastructure/ (config, logging, jobs, security), data/database, presentation/api (deps, lỗi, middleware); docker-compose; migration 0001 | C9: ='Backlog phân công'!E9 -> Trịnh Mạnh Quang | D9: ='Backlog phân công'!J9 -> P0 | E9: ='Backlog phân công'!I9 -> 6 | F9: =IF(AND('Backlog phân công'!$G9<=1,'Backlog phân công'!$H9>=1),"■","") -> ■ | G9: =IF(AND('Backlog phân công'!$G9<=2,'Backlog phân công'!$H9>=2),"■","") -> ■ | H9: =IF(AND('Backlog phân công'!$G9<=3,'Backlog phân công'!$H9>=3),"■","") | I9: =IF(AND('Backlog phân công'!$G9<=4,'Backlog phân công'!$H9>=4),"■","") | J9: =IF(AND('Backlog phân công'!$G9<=5,'Backlog phân công'!$H9>=5),"■","") | K9: =IF(AND('Backlog phân công'!$G9<=6,'Backlog phân công'!$H9>=6),"■","") | L9: =IF(AND('Backlog phân công'!$G9<=7,'Backlog phân công'!$H9>=7),"■","") | M9: =IF(AND('Backlog phân công'!$G9<=8,'Backlog phân công'!$H9>=8),"■","")
A10: ='Backlog phân công'!A10 -> P07 | B10: ='Backlog phân công'!D10 -> Review AI adapter (port, mock, openai); thêm test adapter OpenAI bằng HTTP mock (429/5xx/timeout) | C10: ='Backlog phân công'!E10 -> Mai Đức Vinh | D10: ='Backlog phân công'!J10 -> P0 | E10: ='Backlog phân công'!I10 -> 6 | F10: =IF(AND('Backlog phân công'!$G10<=1,'Backlog phân công'!$H10>=1),"■","") -> ■ | G10: =IF(AND('Backlog phân công'!$G10<=2,'Backlog phân công'!$H10>=2),"■","") -> ■ | H10: =IF(AND('Backlog phân công'!$G10<=3,'Backlog phân công'!$H10>=3),"■","") | I10: =IF(AND('Backlog phân công'!$G10<=4,'Backlog phân công'!$H10>=4),"■","") | J10: =IF(AND('Backlog phân công'!$G10<=5,'Backlog phân công'!$H10>=5),"■","") | K10: =IF(AND('Backlog phân công'!$G10<=6,'Backlog phân công'!$H10>=6),"■","") | L10: =IF(AND('Backlog phân công'!$G10<=7,'Backlog phân công'!$H10>=7),"■","") | M10: =IF(AND('Backlog phân công'!$G10<=8,'Backlog phân công'!$H10>=8),"■","")
A11: ='Backlog phân công'!A11 -> P08 | B11: ='Backlog phân công'!D11 -> Test strategy + ma trận truy vết (RTM) từ FR trong SDS → test case; Definition of Done | C11: ='Backlog phân công'!E11 -> Trần Thùy Dương | D11: ='Backlog phân công'!J11 -> P0 | E11: ='Backlog phân công'!I11 -> 6 | F11: =IF(AND('Backlog phân công'!$G11<=1,'Backlog phân công'!$H11>=1),"■","") -> ■ | G11: =IF(AND('Backlog phân công'!$G11<=2,'Backlog phân công'!$H11>=2),"■","") -> ■ | H11: =IF(AND('Backlog phân công'!$G11<=3,'Backlog phân công'!$H11>=3),"■","") | I11: =IF(AND('Backlog phân công'!$G11<=4,'Backlog phân công'!$H11>=4),"■","") | J11: =IF(AND('Backlog phân công'!$G11<=5,'Backlog phân công'!$H11>=5),"■","") | K11: =IF(AND('Backlog phân công'!$G11<=6,'Backlog phân công'!$H11>=6),"■","") | L11: =IF(AND('Backlog phân công'!$G11<=7,'Backlog phân công'!$H11>=7),"■","") | M11: =IF(AND('Backlog phân công'!$G11<=8,'Backlog phân công'!$H11>=8),"■","")
A12: ='Backlog phân công'!A12 -> P09 | B12: ='Backlog phân công'!D12 -> Bật branch protection main/dev, điền GitHub username vào CODEOWNERS, CI xanh trên PR đầu tiên | C12: ='Backlog phân công'!E12 -> Lê Đăng Sơn | D12: ='Backlog phân công'!J12 -> P0 | E12: ='Backlog phân công'!I12 -> 3 | F12: =IF(AND('Backlog phân công'!$G12<=1,'Backlog phân công'!$H12>=1),"■","") -> ■ | G12: =IF(AND('Backlog phân công'!$G12<=2,'Backlog phân công'!$H12>=2),"■","") | H12: =IF(AND('Backlog phân công'!$G12<=3,'Backlog phân công'!$H12>=3),"■","") | I12: =IF(AND('Backlog phân công'!$G12<=4,'Backlog phân công'!$H12>=4),"■","") | J12: =IF(AND('Backlog phân công'!$G12<=5,'Backlog phân công'!$H12>=5),"■","") | K12: =IF(AND('Backlog phân công'!$G12<=6,'Backlog phân công'!$H12>=6),"■","") | L12: =IF(AND('Backlog phân công'!$G12<=7,'Backlog phân công'!$H12>=7),"■","") | M12: =IF(AND('Backlog phân công'!$G12<=8,'Backlog phân công'!$H12>=8),"■","")
A13: ='Backlog phân công'!A13 -> D01 | B13: ='Backlog phân công'!D13 -> Cập nhật SDS theo docs/architecture/sds-review.md (11 điểm): bỏ chữ microservice ở §5.2, vẽ lại Hình 1 có QuotaService + repositories + AI adapter, thiết kế dữ liệu §6, trade-off | C13: ='Backlog phân công'!E13 -> Lê Đăng Sơn | D13: ='Backlog phân công'!J13 -> P0 | E13: ='Backlog phân công'!I13 -> 4 | F13: =IF(AND('Backlog phân công'!$G13<=1,'Backlog phân công'!$H13>=1),"■","") -> ■ | G13: =IF(AND('Backlog phân công'!$G13<=2,'Backlog phân công'!$H13>=2),"■","") -> ■ | H13: =IF(AND('Backlog phân công'!$G13<=3,'Backlog phân công'!$H13>=3),"■","") | I13: =IF(AND('Backlog phân công'!$G13<=4,'Backlog phân công'!$H13>=4),"■","") | J13: =IF(AND('Backlog phân công'!$G13<=5,'Backlog phân công'!$H13>=5),"■","") | K13: =IF(AND('Backlog phân công'!$G13<=6,'Backlog phân công'!$H13>=6),"■","") | L13: =IF(AND('Backlog phân công'!$G13<=7,'Backlog phân công'!$H13>=7),"■","") | M13: =IF(AND('Backlog phân công'!$G13<=8,'Backlog phân công'!$H13>=8),"■","")
A14: ='Backlog phân công'!A14 -> A01 | B14: ='Backlog phân công'!D14 -> Review data/models + migration 0001, vẽ ERD (khớp SDS §6); quy ước migration theo service | C14: ='Backlog phân công'!E14 -> Trịnh Mạnh Quang | D14: ='Backlog phân công'!J14 -> P0 | E14: ='Backlog phân công'!I14 -> 4 | F14: =IF(AND('Backlog phân công'!$G14<=1,'Backlog phân công'!$H14>=1),"■","") | G14: =IF(AND('Backlog phân công'!$G14<=2,'Backlog phân công'!$H14>=2),"■","") -> ■ | H14: =IF(AND('Backlog phân công'!$G14<=3,'Backlog phân công'!$H14>=3),"■","") | I14: =IF(AND('Backlog phân công'!$G14<=4,'Backlog phân công'!$H14>=4),"■","") | J14: =IF(AND('Backlog phân công'!$G14<=5,'Backlog phân công'!$H14>=5),"■","") | K14: =IF(AND('Backlog phân công'!$G14<=6,'Backlog phân công'!$H14>=6),"■","") | L14: =IF(AND('Backlog phân công'!$G14<=7,'Backlog phân công'!$H14>=7),"■","") | M14: =IF(AND('Backlog phân công'!$G14<=8,'Backlog phân công'!$H14>=8),"■","")
A15: ='Backlog phân công'!A15 -> A02 | B15: ='Backlog phân công'!D15 -> Hoàn thiện Google OAuth backend: exchange code, verify id_token (JWKS), refresh xoay vòng, test với id_token giả lập | C15: ='Backlog phân công'!E15 -> Trịnh Mạnh Quang | D15: ='Backlog phân công'!J15 -> P0 | E15: ='Backlog phân công'!I15 -> 8 | F15: =IF(AND('Backlog phân công'!$G15<=1,'Backlog phân công'!$H15>=1),"■","") | G15: =IF(AND('Backlog phân công'!$G15<=2,'Backlog phân công'!$H15>=2),"■","") -> ■ | H15: =IF(AND('Backlog phân công'!$G15<=3,'Backlog phân công'!$H15>=3),"■","") -> ■ | I15: =IF(AND('Backlog phân công'!$G15<=4,'Backlog phân công'!$H15>=4),"■","") | J15: =IF(AND('Backlog phân công'!$G15<=5,'Backlog phân công'!$H15>=5),"■","") | K15: =IF(AND('Backlog phân công'!$G15<=6,'Backlog phân công'!$H15>=6),"■","") | L15: =IF(AND('Backlog phân công'!$G15<=7,'Backlog phân công'!$H15>=7),"■","") | M15: =IF(AND('Backlog phân công'!$G15<=8,'Backlog phân công'!$H15>=8),"■","")
... A54: ='Backlog phân công'!A54 -> H08 | B54: ='Backlog phân công'!D54 -> Báo cáo cuối, hướng dẫn sử dụng, kịch bản thuyết trình 10–15' | C54: ='Backlog phân công'!E54 -> Trần Thùy Dương | D54: ='Backlog phân công'!J54 -> P0 | E54: ='Backlog phân công'!I54 -> 8 | F54: =IF(AND('Backlog phân công'!$G54<=1,'Backlog phân công'!$H54>=1),"■","") | G54: =IF(AND('Backlog phân công'!$G54<=2,'Backlog phân công'!$H54>=2),"■","") | H54: =IF(AND('Backlog phân công'!$G54<=3,'Backlog phân công'!$H54>=3),"■","") | I54: =IF(AND('Backlog phân công'!$G54<=4,'Backlog phân công'!$H54>=4),"■","") | J54: =IF(AND('Backlog phân công'!$G54<=5,'Backlog phân công'!$H54>=5),"■","") | K54: =IF(AND('Backlog phân công'!$G54<=6,'Backlog phân công'!$H54>=6),"■","") | L54: =IF(AND('Backlog phân công'!$G54<=7,'Backlog phân công'!$H54>=7),"■","") | M54: =IF(AND('Backlog phân công'!$G54<=8,'Backlog phân công'!$H54>=8),"■","") -> ■

Sheet Tải công việc
A1: TẢI CÔNG VIỆC THEO THÀNH VIÊN
A3: Thành viên | B3: Vai trò | C3: Số task | D3: Tổng giờ | E3: T1 | F3: T2 | G3: T3 | H3: T4 | I3: T5 | J3: T6 | K3: T7 | L3: T8
A4: Lê Đăng Sơn | B4: Tech Lead / Extension core | C4: =COUNTIF('Backlog phân công'!$E$4:$E$54,A4) -> 14 | D4: =SUMIF('Backlog phân công'!$E$4:$E$54,A4,'Backlog phân công'!$I$4:$I$54) -> 86 | E4: =SUMPRODUCT(('Backlog phân công'!$E$4:$E$54=$A4)*('Backlog phân công'!$G$4:$G$54<=1)*('Backlog phân công'!$H$4:$H$54>=1)*('Backlog phân công'!$I$4:$I$54/('Backlog phân công'!$H$4:$H$54-'Backlog phân công'!$G$4:$G$54+1))) -> 12 | F4: =SUMPRODUCT(('Backlog phân công'!$E$4:$E$54=$A4)*('Backlog phân công'!$G$4:$G$54<=2)*('Backlog phân công'!$H$4:$H$54>=2)*('Backlog phân công'!$I$4:$I$54/('Backlog phân công'!$H$4:$H$54-'Backlog phân công'!$G$4:$G$54+1))) -> 9 | G4: =SUMPRODUCT(('Backlog phân công'!$E$4:$E$54=$A4)*('Backlog phân công'!$G$4:$G$54<=3)*('Backlog phân công'!$H$4:$H$54>=3)*('Backlog phân công'!$I$4:$I$54/('Backlog phân công'!$H$4:$H$54-'Backlog phân công'!$G$4:$G$54+1))) -> 13 | H4: =SUMPRODUCT(('Backlog phân công'!$E$4:$E$54=$A4)*('Backlog phân công'!$G$4:$G$54<=4)*('Backlog phân công'!$H$4:$H$54>=4)*('Backlog phân công'!$I$4:$I$54/('Backlog phân công'!$H$4:$H$54-'Backlog phân công'!$G$4:$G$54+1))) -> 15 | I4: =SUMPRODUCT(('Backlog phân công'!$E$4:$E$54=$A4)*('Backlog phân công'!$G$4:$G$54<=5)*('Backlog phân công'!$H$4:$H$54>=5)*('Backlog phân công'!$I$4:$I$54/('Backlog phân công'!$H$4:$H$54-'Backlog phân công'!$G$4:$G$54+1))) -> 10 | J4: =SUMPRODUCT(('Backlog phân công'!$E$4:$E$54=$A4)*('Backlog phân công'!$G$4:$G$54<=6)*('Backlog phân công'!$H$4:$H$54>=6)*('Backlog phân công'!$I$4:$I$54/('Backlog phân công'!$H$4:$H$54-'Backlog phân công'!$G$4:$G$54+1))) -> 6 | K4: =SUMPRODUCT(('Backlog phân công'!$E$4:$E$54=$A4)*('Backlog phân công'!$G$4:$G$54<=7)*('Backlog phân công'!$H$4:$H$54>=7)*('Backlog phân công'!$I$4:$I$54/('Backlog phân công'!$H$4:$H$54-'Backlog phân công'!$G$4:$G$54+1))) -> 10.5 | L4: =SUMPRODUCT(('Backlog phân công'!$E$4:$E$54=$A4)*('Backlog phân công'!$G$4:$G$54<=8)*('Backlog phân công'!$H$4:$H$54>=8)*('Backlog phân công'!$I$4:$I$54/('Backlog phân công'!$H$4:$H$54-'Backlog phân công'!$G$4:$G$54+1))) -> 10.5
A5: Trịnh Mạnh Quang | B5: Backend Lead (presentation, auth, notes, data, infra) | C5: =COUNTIF('Backlog phân công'!$E$4:$E$54,A5) -> 13 | D5: =SUMIF('Backlog phân công'!$E$4:$E$54,A5,'Backlog phân công'!$I$4:$I$54) -> 79 | E5: =SUMPRODUCT(('Backlog phân công'!$E$4:$E$54=$A5)*('Backlog phân công'!$G$4:$G$54<=1)*('Backlog phân công'!$H$4:$H$54>=1)*('Backlog phân công'!$I$4:$I$54/('Backlog phân công'!$H$4:$H$54-'Backlog phân công'!$G$4:$G$54+1))) -> 7 | F5: =SUMPRODUCT(('Backlog phân công'!$E$4:$E$54=$A5)*('Backlog phân công'!$G$4:$G$54<=2)*('Backlog phân công'!$H$4:$H$54>=2)*('Backlog phân công'!$I$4:$I$54/('Backlog phân công'!$H$4:$H$54-'Backlog phân công'!$G$4:$G$54+1))) -> 11 | G5: =SUMPRODUCT(('Backlog phân công'!$E$4:$E$54=$A5)*('Backlog phân công'!$G$4:$G$54<=3)*('Backlog phân công'!$H$4:$H$54>=3)*('Backlog phân công'!$I$4:$I$54/('Backlog phân công'!$H$4:$H$54-'Backlog phân công'!$G$4:$G$54+1))) -> 16 | H5: =SUMPRODUCT(('Backlog phân công'!$E$4:$E$54=$A5)*('Backlog phân công'!$G$4:$G$54<=4)*('Backlog phân công'!$H$4:$H$54>=4)*('Backlog phân công'!$I$4:$I$54/('Backlog phân công'!$H$4:$H$54-'Backlog phân công'!$G$4:$G$54+1))) -> 8 | I5: =SUMPRODUCT(('Backlog phân công'!$E$4:$E$54=$A5)*('Backlog phân công'!$G$4:$G$54<=5)*('Backlog phân công'!$H$4:$H$54>=5)*('Backlog phân công'!$I$4:$I$54/('Backlog phân công'!$H$4:$H$54-'Backlog phân công'!$G$4:$G$54+1))) -> 4 | J5: =SUMPRODUCT(('Backlog phân công'!$E$4:$E$54=$A5)*('Backlog phân công'!$G$4:$G$54<=6)*('Backlog phân công'!$H$4:$H$54>=6)*('Backlog phân công'!$I$4:$I$54/('Backlog phân công'!$H$4:$H$54-'Backlog phân công'!$G$4:$G$54+1))) -> 4 | K5: =SUMPRODUCT(('Backlog phân công'!$E$4:$E$54=$A5)*('Backlog phân công'!$G$4:$G$54<=7)*('Backlog phân công'!$H$4:$H$54>=7)*('Backlog phân công'!$I$4:$I$54/('Backlog phân công'!$H$4:$H$54-'Backlog phân công'!$G$4:$G$54+1))) -> 16 | L5: =SUMPRODUCT(('Backlog phân công'!$E$4:$E$54=$A5)*('Backlog phân công'!$G$4:$G$54<=8)*('Backlog phân công'!$H$4:$H$54>=8)*('Backlog phân công'!$I$4:$I$54/('Backlog phân công'!$H$4:$H$54-'Backlog phân công'!$G$4:$G$54+1))) -> 13
A6: Mai Đức Vinh | B6: AI/RAG Lead (semantic_search, summary, rag, quota, OpenAI) | C6: =COUNTIF('Backlog phân công'!$E$4:$E$54,A6) -> 12 | D6: =SUMIF('Backlog phân công'!$E$4:$E$54,A6,'Backlog phân công'!$I$4:$I$54) -> 85 | E6: =SUMPRODUCT(('Backlog phân công'!$E$4:$E$54=$A6)*('Backlog phân công'!$G$4:$G$54<=1)*('Backlog phân công'!$H$4:$H$54>=1)*('Backlog phân công'!$I$4:$I$54/('Backlog phân công'!$H$4:$H$54-'Backlog phân công'!$G$4:$G$54+1))) -> 9 | F6: =SUMPRODUCT(('Backlog phân công'!$E$4:$E$54=$A6)*('Backlog phân công'!$G$4:$G$54<=2)*('Backlog phân công'!$H$4:$H$54>=2)*('Backlog phân công'!$I$4:$I$54/('Backlog phân công'!$H$4:$H$54-'Backlog phân công'!$G$4:$G$54+1))) -> 11 | G6: =SUMPRODUCT(('Backlog phân công'!$E$4:$E$54=$A6)*('Backlog phân công'!$G$4:$G$54<=3)*('Backlog phân công'!$H$4:$H$54>=3)*('Backlog phân công'!$I$4:$I$54/('Backlog phân công'!$H$4:$H$54-'Backlog phân công'!$G$4:$G$54+1))) -> 8 | H6: =SUMPRODUCT(('Backlog phân công'!$E$4:$E$54=$A6)*('Backlog phân công'!$G$4:$G$54<=4)*('Backlog phân công'!$H$4:$H$54>=4)*('Backlog phân công'!$I$4:$I$54/('Backlog phân công'!$H$4:$H$54-'Backlog phân công'!$G$4:$G$54+1))) -> 12 | I6: =SUMPRODUCT(('Backlog phân công'!$E$4:$E$54=$A6)*('Backlog phân công'!$G$4:$G$54<=5)*('Backlog phân công'!$H$4:$H$54>=5)*('Backlog phân công'!$I$4:$I$54/('Backlog phân công'!$H$4:$H$54-'Backlog phân công'!$G$4:$G$54+1))) -> 16 | J6: =SUMPRODUCT(('Backlog phân công'!$E$4:$E$54=$A6)*('Backlog phân công'!$G$4:$G$54<=6)*('Backlog phân công'!$H$4:$H$54>=6)*('Backlog phân công'!$I$4:$I$54/('Backlog phân công'!$H$4:$H$54-'Backlog phân công'!$G$4:$G$54+1))) -> 12 | K6: =SUMPRODUCT(('Backlog phân công'!$E$4:$E$54=$A6)*('Backlog phân công'!$G$4:$G$54<=7)*('Backlog phân công'!$H$4:$H$54>=7)*('Backlog phân công'!$I$4:$I$54/('Backlog phân công'!$H$4:$H$54-'Backlog phân công'!$G$4:$G$54+1))) -> 13 | L6: =SUMPRODUCT(('Backlog phân công'!$E$4:$E$54=$A6)*('Backlog phân công'!$G$4:$G$54<=8)*('Backlog phân công'!$H$4:$H$54>=8)*('Backlog phân công'!$I$4:$I$54/('Backlog phân công'!$H$4:$H$54-'Backlog phân công'!$G$4:$G$54+1))) -> 4
A7: Trần Thùy Dương | B7: UI/UX & QA Lead (ui/, test, tài liệu) | C7: =COUNTIF('Backlog phân công'!$E$4:$E$54,A7) -> 12 | D7: =SUMIF('Backlog phân công'!$E$4:$E$54,A7,'Backlog phân công'!$I$4:$I$54) -> 83 | E7: =SUMPRODUCT(('Backlog phân công'!$E$4:$E$54=$A7)*('Backlog phân công'!$G$4:$G$54<=1)*('Backlog phân công'!$H$4:$H$54>=1)*('Backlog phân công'!$I$4:$I$54/('Backlog phân công'!$H$4:$H$54-'Backlog phân công'!$G$4:$G$54+1))) -> 11 | F7: =SUMPRODUCT(('Backlog phân công'!$E$4:$E$54=$A7)*('Backlog phân công'!$G$4:$G$54<=2)*('Backlog phân công'!$H$4:$H$54>=2)*('Backlog phân công'!$I$4:$I$54/('Backlog phân công'!$H$4:$H$54-'Backlog phân công'!$G$4:$G$54+1))) -> 7 | G7: =SUMPRODUCT(('Backlog phân công'!$E$4:$E$54=$A7)*('Backlog phân công'!$G$4:$G$54<=3)*('Backlog phân công'!$H$4:$H$54>=3)*('Backlog phân công'!$I$4:$I$54/('Backlog phân công'!$H$4:$H$54-'Backlog phân công'!$G$4:$G$54+1))) -> 4 | H7: =SUMPRODUCT(('Backlog phân công'!$E$4:$E$54=$A7)*('Backlog phân công'!$G$4:$G$54<=4)*('Backlog phân công'!$H$4:$H$54>=4)*('Backlog phân công'!$I$4:$I$54/('Backlog phân công'!$H$4:$H$54-'Backlog phân công'!$G$4:$G$54+1))) -> 12 | I7: =SUMPRODUCT(('Backlog phân công'!$E$4:$E$54=$A7)*('Backlog phân công'!$G$4:$G$54<=5)*('Backlog phân công'!$H$4:$H$54>=5)*('Backlog phân công'!$I$4:$I$54/('Backlog phân công'!$H$4:$H$54-'Backlog phân công'!$G$4:$G$54+1))) -> 12 | J7: =SUMPRODUCT(('Backlog phân công'!$E$4:$E$54=$A7)*('Backlog phân công'!$G$4:$G$54<=6)*('Backlog phân công'!$H$4:$H$54>=6)*('Backlog phân công'!$I$4:$I$54/('Backlog phân công'!$H$4:$H$54-'Backlog phân công'!$G$4:$G$54+1))) -> 10.5 | K7: =SUMPRODUCT(('Backlog phân công'!$E$4:$E$54=$A7)*('Backlog phân công'!$G$4:$G$54<=7)*('Backlog phân công'!$H$4:$H$54>=7)*('Backlog phân công'!$I$4:$I$54/('Backlog phân công'!$H$4:$H$54-'Backlog phân công'!$G$4:$G$54+1))) -> 8.5 | L7: =SUMPRODUCT(('Backlog phân công'!$E$4:$E$54=$A7)*('Backlog phân công'!$G$4:$G$54<=8)*('Backlog phân công'!$H$4:$H$54>=8)*('Backlog phân công'!$I$4:$I$54/('Backlog phân công'!$H$4:$H$54-'Backlog phân công'!$G$4:$G$54+1))) -> 18
A8: Tổng | C8: =SUM(C4:C7) -> 51 | D8: =SUM(D4:D7) -> 333 | E8: =SUM(E4:E7) -> 39 | F8: =SUM(F4:F7) -> 38 | G8: =SUM(G4:G7) -> 41 | H8: =SUM(H4:H7) -> 47 | I8: =SUM(I4:I7) -> 42 | J8: =SUM(J4:J7) -> 32.5 | ... L8: =SUM(L4:L7) -> 45.5
A10: Cách đọc | B10: T1–T8 phân bổ giờ ước tính đều theo số tuần của task. Dùng để nhận biết chênh lệch tải; không phải timesheet thực tế.
A12: Giờ theo ưu tiên | B12: P0 | C12: P1 | D12: Ghi chú
A13: Lê Đăng Sơn | B13: =SUMIFS('Backlog phân công'!$I$4:$I$54,'Backlog phân công'!$E$4:$E$54,A13,'Backlog phân công'!$J$4:$J$54,"P0") -> 78 | C13: =SUMIFS('Backlog phân công'!$I$4:$I$54,'Backlog phân công'!$E$4:$E$54,A13,'Backlog phân công'!$J$4:$J$54,"P1") -> 8 | D13: P1 chỉ bắt đầu khi P0 của tuần đó xanh (cổng tuần 6).
A14: Trịnh Mạnh Quang | B14: =SUMIFS('Backlog phân công'!$I$4:$I$54,'Backlog phân công'!$E$4:$E$54,A14,'Backlog phân công'!$J$4:$J$54,"P0") -> 67 | C14: =SUMIFS('Backlog phân công'!$I$4:$I$54,'Backlog phân công'!$E$4:$E$54,A14,'Backlog phân công'!$J$4:$J$54,"P1") -> 12
A15: Mai Đức Vinh | B15: =SUMIFS('Backlog phân công'!$I$4:$I$54,'Backlog phân công'!$E$4:$E$54,A15,'Backlog phân công'!$J$4:$J$54,"P0") -> 67 | C15: =SUMIFS('Backlog phân công'!$I$4:$I$54,'Backlog phân công'!$E$4:$E$54,A15,'Backlog phân công'!$J$4:$J$54,"P1") -> 18
A16: Trần Thùy Dương | B16: =SUMIFS('Backlog phân công'!$I$4:$I$54,'Backlog phân công'!$E$4:$E$54,A16,'Backlog phân công'!$J$4:$J$54,"P0") -> 83 | C16: =SUMIFS('Backlog phân công'!$I$4:$I$54,'Backlog phân công'!$E$4:$E$54,A16,'Backlog phân công'!$J$4:$J$54,"P1") -> 0

Sheet Rủi ro & quyết định
A1: RỦI RO, KHOẢNG TRỐNG & HƯỚNG XỬ LÝ
A3: ID | B3: Rủi ro / khoảng trống | C3: Ảnh hưởng | D3: Khả năng | E3: Giảm thiểu / quyết định | F3: Owner
A4: R-01 | B4: Thành viên viết code lấn sang module người khác → conflict, phá ranh giới | C4: Cao | D4: Cao | E4: Test kiến trúc trong CI + CODEOWNERS bắt buộc duyệt; muốn dùng module khác → nhờ owner thêm hàm public | F4: Lê Đăng Sơn
A5: R-02 | B5: Contract API lệch giữa backend và extension | C5: Cao | D5: Trung bình | E5: OpenAPI là nguồn sự thật; npm run gen:api; PR đổi contract cần 2 owner duyệt | F5: Trịnh Mạnh Quang
A6: R-03 | B6: Google OAuth: redirect URI/extension ID khác nhau giữa máy dev | C6: Cao | D6: Cao | E6: Cố định extension ID bằng key trong manifest; dev-login cho test API khi chưa có Google | F6: Lê Đăng Sơn
A7: R-04 | B7: Chi phí/rate limit OpenAI vượt dự kiến khi test | C7: Trung bình | D7: Cao | E7: AI_PROVIDER=mock mặc định ở dev/CI; quota theo token; spike P03 đo chi phí | F7: Mai Đức Vinh
A8: R-05 | B8: Dữ liệu web gửi tới OpenAI (riêng tư) và prompt injection | C8: Cao | D8: Trung bình | E8: Chỉ gửi khi người dùng thao tác; prompt bọc dữ liệu; bộ trang thử SUM-04 | F8: Mai Đức Vinh
A9: R-06 | B9: Tìm kiếm tiếng Việt kém chính xác (dấu, từ ghép) | C9: Trung bình | D9: Cao | E9: Hybrid + RRF; đo bằng H03; thử unaccent; tinh chỉnh chunk N04 | F9: Mai Đức Vinh
A10: R-07 | B10: Xung đột migration Alembic khi 2 người cùng thêm bảng | C10: Trung bình | D10: Trung bình | E10: Quy ước đặt tên theo module; CI chạy alembic check; xử lý 2 head theo CONTRIBUTING.md | F10: Trịnh Mạnh Quang
A11: R-08 | B11: Service worker MV3 bị tắt giữa chừng làm mất ghi chú | C11: Cao | D11: Trung bình | E11: Outbox IndexedDB ghi ngay khi thao tác; alarm thử lại mỗi phút | F11: Lê Đăng Sơn
A12: R-09 | B12: Phạm vi rộng so với 4 người / 8 tuần | C12: Cao | D12: Cao | E12: Đã bỏ Skim; P1 chỉ mở sau cổng tuần 6; base code có sẵn | F12: Lê Đăng Sơn
A13: R-10 | B13: Dữ liệu cache cũ trên máy dùng chung sau khi đăng xuất | C13: Trung bình | D13: Thấp | E13: Đăng xuất/xoá tài khoản xoá IndexedDB | F13: Trần Thùy Dương

Sheet Kế hoạch tuần
A1: MỤC TIÊU, MỐC BÀN GIAO & NHỊP LÀM VIỆC
A3: Tuần | B3: Mục tiêu | C3: Mốc bàn giao | D3: Điều kiện qua cổng | E3: Review chính | F3: Ghi chú
A4: 1 | B4: Chốt kiến trúc, contract, spike AI, UX | C4: ADR được duyệt, conventions, wireframe, CI + CODEOWNERS | D4: Cả nhóm chạy được base code trên máy mình | E4: Cả nhóm | F4: Không code lệch contract/kiến trúc
A5: 2 | B5: Nền tảng: auth, quota, schema, design system | C5: ERD, OAuth 2 phía, quota, UI shell, đặc tả tóm tắt | D5: Đăng nhập Google end-to-end | E5: Trịnh Mạnh Quang/Lê Đăng Sơn | F5: Chốt SUM-01
A6: 3 | B6: Ghi chú nhanh đầu-cuối (chưa AI) | C6: Selection + toast + POST /notes + xoá tài khoản + log | D6: Lưu được note vào Inbox, hoàn tác được | E6: Lê Đăng Sơn/Trịnh Mạnh Quang | F6: Vertical slice
A7: 4 | B7: Index AI + outbox + thư viện bắt đầu | C7: Job index, outbox, E2E ghi chú | D7: N01–N07 pass | E7: Mai Đức Vinh/Trần Thùy Dương | F7: Mốc MVP-1
A8: 5 | B8: Thư viện + tìm kiếm | C8: CRUD/cache/UI thư viện, hybrid search, Search API | D8: Tìm thấy note vừa lưu | E8: Cả nhóm
A9: 6 | B9: Tóm tắt + nghiệm thu tìm kiếm + Cài đặt | C9: Summary 3 lớp, search UI, settings, R05 | D9: Toàn bộ Must-have chạy được | E9: Mai Đức Vinh/Trần Thùy Dương | F9: Mốc MVP-2 — cổng mở P1
A10: 7 | B10: Hardening + P1 (nếu cổng xanh) | C10: Security, deploy, eval; chat/tags/rerank nếu kịp | D10: P0 không còn lỗi P0; P1 pass hoặc cắt | E10: Trịnh Mạnh Quang/Lê Đăng Sơn | F10: Khoá tính năng cuối tuần
A11: 8 | B11: Release & thuyết trình | C11: Regression, RC extension + server, báo cáo, demo | D11: 0 lỗi P0/P1; demo rehearsal pass | E11: Cả nhóm | F11: Không thêm tính năng
A14: Nhịp cố định | B14: Đầu tuần: chốt mục tiêu & dependency (30’). Giữa tuần: sync blocker (15’). Cuối tuần: demo + review + cập nhật backlog (45’). Pull request cần 1 reviewer; thay đổi contract cần owner Backend + client liên quan duyệt.
